"PharmID","Name","Address","City","State","Zip","Latitude","Longitude","Cluster","Cluster_centroid_Latitude","Cluster_centroid_Longitude","distance_to_clust","County","FIPS","Pharm_County_pop","Pharm_Total_Land","Pharm_RUC"
"P17315","Benzer Pharmacy","101 N WALNUT STREET","COLFAX","IA",500541039,41.677902,-93.245401,"IA1",41.677902,-93.245401,0,"jasper",19099,36789,730.411,6
"P17707","MercyOne Clive Pharmacy","1601 NW 114TH ST SUITE 234","CLIVE","IA",50325,41.605258,-93.773104,"IA10",41.6079584782609,-93.7735169130435,302.574191855898,"polk",19153,467235,572.212,2
"P17472","REMSEN PHARMACY","111 S WASHINGTON ST","REMSEN","IA",51050,42.814784,-95.973197,"IA100",42.814784,-95.973197,0,"plymouth",19149,25027,862.828,3
"P17734","Hy-Vee Pharmacy (1095)","600 SHELDON","CRESTON","IA",50801,41.050057,-94.374507,"IA101",41.0502703333333,-94.3724896666667,171.011919457273,"union",19175,12497,423.645,6
"P17475","NuCara Pharmacy #40","118 W Center St","MONONA","IA",52159,43.053081,-91.390921,"IA102",43.053081,-91.390921,0,"clayton",19043,17711,778.495,8
"P17673","WALGREENS #5943","1000 N JEFFERSON WAY","INDIANOLA","IA",501251452,41.36966,-93.557377,"IA103",41.3693565,-93.5573855,33.7929270367821,"warren",19181,48630,569.838,2
"P17872","Pella Regional Health Center Pharmacy","802 WASHINGTON STREET","PELLA","IA",502191525,41.408236,-92.920234,"IA105",41.4072684,-92.911618,727.386609210467,"marion",19125,33127,554.488,6
"P17548","WALMART PHARMACY 10-1683","705 S Fremont St","SHENANDOAH","IA",516012101,40.760346,-95.38527,"IA107",40.7630446666667,-95.3817066666667,424.874634511019,"page",19145,15393,534.943,6
"P17485","OAKLAND PHARMACY","601 Pioneer Ave.","OAKLAND","IA",51560,41.300937,-95.401818,"IA108",41.300937,-95.401818,0,"pottawattamie",19155,93287,950.511,2
"P17944","Jones Regional Pharmacy","1795 Highway 64 E Suite 2","Anamosa","IA",522052112,42.103979,-91.268037,"IA109",42.1038573333333,-91.2736186666667,461.195846027412,"jones",19105,20468,575.619,2
"P17848","CVS Pharmacy #10282","2029 5th Ave. South","Fort Dodge","IA",50501,42.500998,-94.170451,"IA11",42.502254,-94.1679741428571,246.720651661012,"webster",19187,36945,715.709,5
"P17487","EAGLE PHARMACY","311 W BROADWAY ST","EAGLE GROVE","IA",50533,42.664224,-93.905192,"IA110",42.664224,-93.905192,0,"wright",19197,12864,580.417,7
"P17711","Hy-Vee Pharmacy (1235)","320 WEST STREET SOUTH","GRINNELL","IA",50112,41.730617,-92.72714,"IA111",41.7328766666667,-92.7299906666667,345.481209035518,"poweshiek",19157,18428,584.923,7
"P17874","Capstone Pharmacy","210 N Jefferson St","Mount Pleasant","IA",526412017,40.967849,-91.554239,"IA112",40.96743475,-91.54428175,838.227242303064,"henry",19087,19865,434.287,6
"P17495","Fontanelle Drug","401 WASHINGTON ST","FONTANELLE","IA",50846,41.289235,-94.562519,"IA113",41.289235,-94.562519,0,"adair",19001,7192,569.27,8
"P17496","SWANSON DRUG INC","305 W WALNUT ST","OGDEN","IA",50212,42.03913,-94.031029,"IA114",42.03913,-94.031029,0,"boone",19015,26381,571.558,6
"P17497","NuCara Pharmacy #20","119 N VINE ST","WEST UNION","IA",521751346,42.961516,-91.80831,"IA115",42.961516,-91.80831,0,"fayette",19065,20139,730.83,6
"P17498","HARTIG DRUG CO","711 16TH AVE SE","DYERSVILLE","IA",520402158,42.469557,-91.1165,"IA116",42.4736426666667,-91.1194606666667,515.70798367037,"dubuque",19061,96571,608.297,3
"P17603","Hy-Vee Pharmacy (1180)","1300 W Burlington Ave","FAIRFIELD","IA",52556,41.006294,-91.979682,"IA117",40.9999323333333,-91.9793123333333,708.858108026026,"jefferson",19101,17945,435.523,7
"P17519","MANNING PHARMACY INC","317 MAIN ST","MANNING","IA",514551030,41.908404,-95.065225,"IA118",41.908404,-95.065225,0,"carroll",19027,20428,569.437,7
"P17866","WALGREENS #11710","625 Pacha Pkwy","North Liberty","IA",523174831,41.752728,-91.606805,"IA119",41.750743,-91.606526,222.180682959695,"johnson",19103,144425,612.989,3
"P17524","NuCara Pharmacy #6","722 MAIN ST","ACKLEY","IA",50601,42.55406,-93.052441,"IA120",42.55406,-93.052441,0,"hardin",19083,17239,569.31,6
"P17571","MAHASKA DRUGS INC","205 NORTH E ST","OSKALOOSA","IA",525772000,41.296273,-92.651103,"IA121",41.297017,-92.65030275,106.484152553757,"mahaska",19123,22301,570.86,7
"P17627","LEWIS FAMILY DRUG #54","2202 17TH STREET","SPIRIT LAKE","IA",51360,43.422985,-95.123875,"IA122",43.4229076666667,-95.1210023333333,232.418275286017,"dickinson",19059,17000,380.52,7
"P17640","Hy-Vee Pharmacy (1324)","3111 MAIN STREET","KEOKUK","IA",52632,40.415157,-91.403281,"IA123",40.4116356666667,-91.400837,443.360165088612,"lee",19111,34785,517.55,5
"P17628","Hy-Vee Pharmacy (1634)","1250 N LAKE AVENUE","STORM LAKE","IA",50588,42.653164,-95.20096,"IA124",42.650855,-95.2057052,465.837913625302,"buena vista",19021,20369,574.899,7
"P17875","SmartScripts Pharmacy","1010 W Madison St STE 1","Washington","IA",523531624,41.296732,-91.703752,"IA125",41.3031823333333,-91.703534,718.279235217531,"washington",19183,22095,568.811,3
"P17534","CENTRAL CITY FAMILY PHARMACY","402 MAIN ST","CENTRAL CITY","IA",52214,42.204189,-91.523356,"IA126",42.204189,-91.523356,0,"linn",19113,220008,717.078,2
"P17543","WALMART PHARMACY 10-1625","1111 HOLTON DR","LE MARS","IA",510312884,42.781955,-96.187649,"IA127",42.78027,-96.1855145,256.120409011467,"plymouth",19149,25027,862.828,3
"P17546","ELK HORN PHARMACY INC","4022 Main St","ELK HORN","IA",51531,41.587807,-95.060213,"IA128",41.587807,-95.060213,0,"shelby",19165,11772,590.779,6
"P17738","KRHC FAMILY PHARMACY","1519 S PHILLIPS","ALGONA","IA",50511,43.054769,-94.22698,"IA129",43.0228155,-94.227076,3557.05592478781,"kossuth",19109,15166,972.731,7
"P17561","HARTIG DRUG CO","1600 UNIVERSITY AVE","DUBUQUE","IA",52001,42.498207,-90.687416,"IA13",42.5022676842105,-90.6981518947368,990.312850823105,"dubuque",19061,96571,608.297,3
"P17708","THRIFTY WHITE DRUG #56","1320 BROADWAY","DENISON","IA",51442,42.016806,-95.354066,"IA130",42.0195936666667,-95.359455,543.079338938027,"crawford",19047,17131,714.189,7
"P17555","Hy-Vee Drugstore Clinic Pharmacy (7008)","1541 SOUTH 3RD SUITE 100","GRIMES","IA",50111,41.687057,-93.779403,"IA131",41.6871686666667,-93.7773796666667,168.662523731961,"polk",19153,467235,572.212,2
"P17564","NuCara Pharmacy #9","1002 6TH ST","NEVADA","IA",50201,42.020837,-93.452666,"IA132",42.0157545,-93.4444825,882.135796799124,"story",19169,95888,572.543,3
"P17565","STONER DRUG","712 MAIN ST","TABOR","IA",516530097,40.898893,-95.671201,"IA133",40.898893,-95.671201,0,"fremont",19071,6985,511.166,8
"P17869","Hartig Drug Co #28","419 E 1ST ST","MONTICELLO","IA",523101506,42.238326,-91.184538,"IA134",42.238109,-91.18551,83.6713280552611,"jones",19105,20468,575.619,2
"P17947","Main Street Drug","204 N Main St","Charles City","IA",506162017,43.067301,-92.678676,"IA135",43.0671215,-92.6768895,146.654421633227,"floyd",19067,15904,500.601,7
"P17764","CVS Pharmacy #08538","2302 W FIRST ST","CEDAR FALLS","IA",50613,42.539041,-92.473516,"IA136",42.533886,-92.464969,905.984257655192,"black hawk",19013,132960,565.766,3
"P17589","THE RICEVILLE PHARMACY","120 W MAIN ST","RICEVILLE","IA",50466,43.363705,-92.554323,"IA137",43.363705,-92.554323,0,"mitchell",19131,10663,469.133,7
"P17593","ATKINS FAMILY PHARMACY","401 Cardinal Ave","Atkins","IA",522064701,41.992056,-91.869486,"IA138",41.992056,-91.869486,0,"benton",19011,25646,716.102,2
"P17620","MEDICAP PHARMACY","2521 SUNSET DRIVE SUITE 1","NORWALK","IA",502111340,41.491093,-93.674849,"IA139",41.491093,-93.674849,0,"warren",19181,48630,569.838,2
"P17602","Hy-Vee Drugstore (7060)","510 E 6TH ST","MUSCATINE","IA",52761,41.426821,-91.043276,"IA14",41.426681,-91.0475972,361.016747062862,"muscatine",19139,42923,437.445,4
"P17622","MercyOne Cascade Pharmacy","805 JOHNSON ST SW","CASCADE","IA",52033,42.292035,-91.014669,"IA140",42.292035,-91.014669,0,"jones",19105,20468,575.619,2
"P17623","LEWIS FAMILY DRUG #55","401 2nd St","IDA GROVE","IA",51445,42.344955,-95.470249,"IA141",42.344955,-95.470249,0,"ida",19093,6965,431.507,8
"P17625","LEWIS FAMILY DRUG #61","106 NORTH BOONE","ROCK RAPIDS","IA",51246,43.431915,-96.169563,"IA142",43.431915,-96.169563,0,"lyon",19119,11745,587.65,8
"P17824","Hy-Vee Pharmacy (1573)","1989 Park St","Sheldon","IA",512018535,43.186178,-95.832074,"IA143",43.185987,-95.8402355,662.784981138552,"obrien",19141,13944,573.034,7
"P17629","CENTER POINT FAMILY PHARMACY","900 BANK CT","CENTER POINT","IA",52213,42.179267,-91.774072,"IA144",42.179267,-91.774072,0,"linn",19113,220008,717.078,2
"P17686","Hy-Vee Pharmacy (1875)","823 2ND STREET","WEBSTER CITY","IA",50595,42.469534,-93.825272,"IA146",42.469428,-93.8250325,22.9345704332555,"hamilton",19079,15201,576.753,6
"P17646","WHITING FAMILY PHARMACY","723 Whittier St","WHITING","IA",51063,42.127238,-96.147735,"IA147",42.127238,-96.147735,0,"monona",19133,8865,694.073,6
"P17647","MEDICAP PHARMACY","10 S. Warrior Lane","WAUKEE","IA",50263,41.613883,-93.872793,"IA148",41.613883,-93.872793,0,"dallas",19049,80864,588.32,2
"P17648","Hy-Vee Pharmacy (1850)","528 S HWY 1","WASHINGTON","IA",52353,41.175888,-91.826772,"IA149",41.175888,-91.826772,0,"washington",19183,22095,568.811,3
"P17333","KOERNER-WHIPPLE PHARMACY","104 1st St NW","HAMPTON","IA",50441,42.742931,-93.20882,"IA15",42.7422225,-93.1977765,906.290818775495,"franklin",19069,10326,581.972,7
"P17681","Hy-Vee Pharmacy (1065)","2001 W COURT AVE","CHARITON","IA",50049,41.015855,-93.323099,"IA150",41.015855,-93.323099,0,"lucas",19117,8600,430.604,6
"P17683","Rex Pharmacy Anita","710 MAIN ST","ANITA","IA",500201060,41.444812,-94.765246,"IA151",41.444812,-94.765246,0,"cass",19029,13327,564.259,6
"P17684","Hy-Vee Drugstore Clinic Pharmacy #2 (7060-2)","111 E Walnut St","COLUMBUS JUNCTION","IA",52738,41.279958,-91.36114,"IA152",41.279958,-91.36114,0,"louisa",19115,11238,401.772,8
"P17687","Hy-Vee Drugstore Clinic Pharmacy (7060-3)","312 N 2ND STREET","WAPELLO","IA",52653,41.181863,-91.18522,"IA153",41.181863,-91.18522,0,"louisa",19115,11238,401.772,8
"P17690","Hy-Vee Pharmacy (1009)","301 US-34 W","ALBIA","IA",52531,41.016608,-92.812868,"IA154",41.016608,-92.812868,0,"monroe",19135,7912,433.716,7
"P17710","Hy-Vee Clinic Pharmacy (3028)","321 NORTH MAIN","MARCUS","IA",51035,42.825448,-95.8076,"IA155",42.825448,-95.8076,0,"cherokee",19035,11577,576.906,6
"P17718","MEDICAP Pharmacy","411 ANNEX ROAD","MADRID","IA",50156,41.880368,-93.815276,"IA156",41.880368,-93.815276,0,"boone",19015,26381,571.558,6
"P17719","Hy-Vee Clinic Pharmacy (1022)","301 S HWY 69","HUXLEY","IA",50124,41.889689,-93.601232,"IA157",41.889689,-93.601232,0,"story",19169,95888,572.543,3
"P17720","MEDICAP PHARMACY","1602 EDGINGTON AVE","ELDORA","IA",50627,42.360672,-93.103358,"IA158",42.360672,-93.103358,0,"hardin",19083,17239,569.31,6
"P17335","HY-VEE DRUGSTORE (7055)","1706 S CENTER ST","MARSHALLTOWN","IA",50158,42.027319,-92.910638,"IA16",42.0264118,-92.9132026,234.888929038378,"marshall",19127,40476,572.505,4
"P17740","WESTER DRUG INC","400 OVESEN RD STE 102","WILTON","IA",52778,41.595792,-91.012486,"IA160",41.595792,-91.012486,0,"muscatine",19139,42923,437.445,4
"P17754","Hy-Vee Clinic Pharmacy (1504)","301 W JEFFERSON","BLOOMFIELD","IA",52537,40.751396,-92.41899,"IA161",40.750941,-92.415696,282.363867065957,"davis",19051,8834,502.189,9
"P17776","LEWIS FAMILY DRUG #69","1227 Valley Drive","ROCK VALLEY","IA",51247,43.199506,-96.29813,"IA163",43.199506,-96.29813,0,"sioux",19167,34692,767.915,7
"P17780","Hy-Vee Pharmacy (1068)","800 N 2ND ST","CHEROKEE","IA",51012,42.760916,-95.551352,"IA164",42.755294,-95.5499955,635.583179046236,"cherokee",19035,11577,576.906,6
"P17852","Hy-Vee Pharmacy (3527)","409 S LOCUST","GLENWOOD","IA",51534,41.042091,-95.744467,"IA165",41.0396885,-95.747218,353.380894029618,"mills",19129,14933,437.431,2
"P17785","Hy-Vee Clinic Pharmacy (1628)","1012 OKOBOJI AVE","MILFORD","IA",513511375,43.325297,-95.14985,"IA166",43.325297,-95.14985,0,"dickinson",19059,17000,380.52,7
"P17788","Hy-Vee Clinic Pharmacy (1634)","113 N 3 RD ST","LAURENS","IA",50554,42.846984,-94.851579,"IA167",42.846984,-94.851579,0,"pocahontas",19151,6972,577.242,9
"P17789","Cornerstone Apothecary","122 Main St","Van Horne","IA",52346,42.008335,-92.091278,"IA168",42.008335,-92.091278,0,"benton",19011,25646,716.102,2
"P17829","Hy-Vee Pharmacy (1473)","510 W Mclane St","OSCEOLA","IA",502131556,41.030729,-93.773271,"IA169",41.0277525,-93.7872865,1222.72475368922,"clarke",19039,9267,431.167,6
"P17802","Cornerstone Apothecary","1035 Court Ave","Marengo","IA",52301,41.802509,-92.070177,"IA170",41.802509,-92.070177,0,"iowa",19095,16231,586.455,6
"P17807","UI Healthcare-River Crossing Pharmacy","3056 River Crossing Court Suite A","Riverside","IA",52327,41.487145,-91.548863,"IA171",41.487145,-91.548863,0,"washington",19183,22095,568.811,3
"P17809","Smart Pharmacy","616 N 8th St","Osage","IA",504611456,43.28911,-92.809328,"IA172",43.28911,-92.809328,0,"mitchell",19131,10663,469.133,7
"P17810","Scott Drug Clinic Pharmacy","1021 11TH ST","DEWITT","IA",52742,41.82597,-90.544714,"IA173",41.823753,-90.541907,339.304683159385,"clinton",19045,47587,694.914,4
"P17816","Lewis Family Drug #67","420 2nd Ave","Sibley","IA",512491247,43.404274,-95.750768,"IA174",43.404274,-95.750768,0,"osceola",19143,6149,398.687,7
"P17819","Brower Pharmacy","140 W Fourth St Ste 3","St Ansgar","IA",50472,43.378628,-92.919506,"IA175",43.378628,-92.919506,0,"mitchell",19131,10663,469.133,7
"P17821","Hy-Vee Pharmacy (1083)","625 DAVIS AVE","CORNING","IA",50841,40.988596,-94.734558,"IA176",40.988596,-94.734558,0,"adams",19003,3785,423.433,9
"P17825","Clayton Drug","104 W MISSION ST","STRAWBERRY POINT","IA",52076,42.683443,-91.534876,"IA177",42.683443,-91.534876,0,"clayton",19043,17711,778.495,8
"P17826","Clayton Drug","100 E 1st St","SUMNER","IA",50674,42.847539,-92.097579,"IA178",42.847539,-92.097579,0,"bremer",19017,24741,435.479,3
"P17830","Jack's Corner Drug","118 S Main St Suite B","Sigourney","IA",52591,41.332928,-92.20529,"IA179",41.332928,-92.20529,0,"keokuk",19107,10223,579.181,8
"P17342","CLINGMAN PHARMACY INC","200 W 4th St","VINTON","IA",52349,42.167538,-92.02574,"IA18",42.166479,-92.0295053333333,332.288681304185,"benton",19011,25646,716.102,2
"P17832","Pharmacy on 8th","221 8th Ave","Wellman","IA",523564707,41.463627,-91.838063,"IA180",41.463627,-91.838063,0,"washington",19183,22095,568.811,3
"P17833","Solon Towncrest Pharmacy","101 Windflower Ln Ste 100","Solon","IA",52333,41.798688,-91.489851,"IA181",41.798688,-91.489851,0,"johnson",19103,144425,612.989,3
"P17868","Hartig Drug Co #26","810 12TH ST","BELLE PLAINE","IA",52208,41.89637,-92.276091,"IA182",41.896273,-92.276412,28.7066738134927,"benton",19011,25646,716.102,2
"P17837","Reinbeck Pharmacy","401 MAIN ST","REINBECK","IA",50669,42.324539,-92.59774,"IA183",42.324539,-92.59774,0,"grundy",19075,12354,501.855,3
"P17839","NuCara Pharmacy #29","110 W Main St","Zearing","IA",502787728,42.161318,-93.297855,"IA184",42.161318,-93.297855,0,"story",19169,95888,572.543,3
"P17842","Elizabeth's Pharmacy on Main","52 MAIN AVE N","BRITT","IA",504231698,43.097399,-93.801996,"IA185",43.097399,-93.801996,0,"hancock",19081,10971,571.004,7
"P17847","Thrifty White Pharmacy #077","127 N MAIN","PAULLINA","IA",51046,42.981244,-95.687965,"IA186",42.981244,-95.687965,0,"obrien",19141,13944,573.034,7
"P17850","Hy-Vee Clinic Pharmacy (1376)","101 E MAIN","LAMONI","IA",50140,40.623594,-93.933064,"IA187",40.623594,-93.933064,0,"decatur",19053,8105,531.882,9
"P17851","Hartley Hometown Pharmacy","130 Third St. NE Ste A","Hartley","IA",51346,43.184946,-95.475264,"IA188",43.184946,-95.475264,0,"obrien",19141,13944,573.034,7
"P17891","CHCSI Pharmacy","302 NE 14th St","Leon","IA",501441206,40.750359,-93.743364,"IA189",40.7455245,-93.7451825,559.599187844054,"decatur",19053,8105,531.882,9
"P17685","WALGREENS #5977","102 SECOND ST","CORALVILLE","IA",522412606,41.66883,-91.566967,"IA19",41.6699948636364,-91.5548716363636,1014.11337908889,"johnson",19103,144425,612.989,3
"P17865","Cresco Family Pharmacy","235 8th Ave W","Cresco","IA",521361062,43.381896,-92.118599,"IA190",43.376361,-92.1194305,619.815387446304,"howard",19089,9321,473.247,6
"P17857","Medicap Pharmacy","615 E MAIN ST","PANORA","IA",50216,41.691934,-94.356432,"IA191",41.691934,-94.356432,0,"guthrie",19077,10664,590.619,2
"P17858","Lewis Family Drug #74","7 W 2ND ST","KINGSLEY","IA",51028,42.588342,-95.967387,"IA192",42.588342,-95.967387,0,"plymouth",19149,25027,862.828,3
"P17861","Thrifty White Pharmacy #079","701 W ELM AVE","POCAHONTAS","IA",505741439,42.73253,-94.679716,"IA193",42.73253,-94.679716,0,"pocahontas",19151,6972,577.242,9
"P17862","MercyOne Greene Pharmacy","104 E Traer St","Greene","IA",506367702,42.895643,-92.801699,"IA194",42.895643,-92.801699,0,"butler",19023,14822,580.139,8
"P17863","Hy-Vee Pharmacy (1089)","105 E Jackson St","CORYDON","IA",500601408,40.758601,-93.31806,"IA195",40.7578085,-93.3150815,266.194993703486,"wayne",19185,6405,525.491,9
"P17867","Hartig Drug Co #27","517 COURT ST","WILLIAMSBURG","IA",52361,41.660888,-92.008734,"IA196",41.660888,-92.008734,0,"iowa",19095,16231,586.455,6
"P17870","NuCara Pharmacy #33","108 W Main","State Center","IA",50247,42.0165,-93.164009,"IA197",42.0165,-93.164009,0,"marshall",19127,40476,572.505,4
"P17876","Finley Pharmacy","8456 Peosta Commercial Court","Peosta","IA",52068,42.445655,-90.849568,"IA198",42.445655,-90.849568,0,"dubuque",19061,96571,608.297,3
"P17885","Lewis Family Drug #39","1044 MAIN ST","HULL","IA",51239,43.188534,-96.133602,"IA199",43.188534,-96.133602,0,"sioux",19167,34692,767.915,7
"P17316","ADEL HEALTHMART","113 N 9TH ST","ADEL","IA",50003,41.617802,-94.01909,"IA2",41.6144035,-94.0187295,379.507067148046,"dallas",19049,80864,588.32,2
"P17341","Amana Pharmacy","507 39TH AVE","AMANA","IA",52203,41.801515,-91.87804,"IA20",41.801515,-91.87804,0,"iowa",19095,16231,586.455,6
"P17889","Guttenberg Pharmacy","807 S HWY 52","GUTTENBERG","IA",52052,42.793094,-91.106721,"IA200",42.789409,-91.103315,495.67072443619,"clayton",19043,17711,778.495,8
"P17892","Sac City Drug","514 MAIN ST","SAC CITY","IA",505831727,42.422205,-94.989577,"IA201",42.422092,-94.98961,12.8680854375843,"sac",19161,9936,575.022,9
"P17897","NuCara Pharmacy #37","323 E Main St","Montezuma","IA",50171,41.58551,-92.523819,"IA202",41.58551,-92.523819,0,"poweshiek",19157,18428,584.923,7
"P17900","Lewis Family Drug #42","528 S 3rd St","Moville","IA",510392009,42.482644,-96.070773,"IA203",42.482644,-96.070773,0,"woodbury",19193,102397,872.894,3
"P17901","Lee Pharmacy","204 Cass St","KEOSAUQUA","IA",52565,40.730944,-91.961532,"IA204",40.730944,-91.961532,0,"van buren",19177,7308,484.808,9
"P17902","Hy-Vee Pharmacy (3042)","311 West Rainbow Drive Suite 1","WEST LIBERTY","IA",52776,41.582794,-91.267899,"IA205",41.582794,-91.267899,0,"muscatine",19139,42923,437.445,4
"P17903","Hy-Vee Pharmacy (3235)","205 Washington St","Victor","IA",523477778,41.731384,-92.298003,"IA206",41.731384,-92.298003,0,"poweshiek",19157,18428,584.923,7
"P17904","The Prescription Shoppe","126 W Main St","Wyoming","IA",523627748,42.058734,-91.006057,"IA207",42.058734,-91.006057,0,"jones",19105,20468,575.619,2
"P17907","Hy-Vee Pharmacy (3191)","1224 10TH AVENUE","MANSON","IA",50563,42.529418,-94.533325,"IA208",42.529418,-94.533325,0,"calhoun",19025,9814,569.847,9
"P17909","Clayton Drug","135 N MAIN ST","ELKADER","IA",52043,42.854707,-91.404797,"IA209",42.854707,-91.404797,0,"clayton",19043,17711,778.495,8
"P17494","WALMART PHARMACY 10-0841","1126 HIGHWAY 38 NORTH","TIPTON","IA",527729400,41.777433,-91.128247,"IA21",41.773783,-91.127747,408.430883712289,"cedar",19031,18368,579.462,6
"P17910","The Prescription Shoppe","139 N Lawler St","Postville","IA",521627799,43.085603,-91.568216,"IA210",43.085603,-91.568216,0,"clayton",19043,17711,778.495,8
"P17914","NuCara Pharmacy #39","101 E Front St","Brooklyn","IA",522117721,41.7284,-92.445424,"IA211",41.7284,-92.445424,0,"poweshiek",19157,18428,584.923,7
"P17918","Gladbrook Family Pharmacy","307 2nd St","Gladbrook","IA",506357718,42.187846,-92.715293,"IA212",42.187846,-92.715293,0,"tama",19171,17236,721.01,6
"P17921","Kohll's RX","403 Main St","Malvern","IA",515518137,41.002558,-95.585314,"IA213",41.002558,-95.585314,0,"mills",19129,14933,437.431,2
"P17922","Holstein Community Pharmacy","108 N Main St","Holstein","IA",510257754,42.489619,-95.54466,"IA214",42.489619,-95.54466,0,"ida",19093,6965,431.507,8
"P17923","Hy-Vee Pharmacy (3062)","621 5TH ST","DURANT","IA",52747,41.600797,-90.910443,"IA215",41.600797,-90.910443,0,"muscatine",19139,42923,437.445,4
"P17925","NuCara Pharmacy #100","202 SW Kent Street Suite 1","Greenfield","IA",50849,41.302655,-94.462996,"IA216",41.302655,-94.462996,0,"adair",19001,7192,569.27,8
"P17928","Hy-Vee Pharmacy (3417)","406 S Hayes St","Mount Ayr","IA",50854,40.711127,-94.232993,"IA217",40.711127,-94.232993,0,"ringgold",19159,4986,535.497,9
"P17932","Community Pharmacy of Rockwell City","507 E Lake St","Rockwell City","IA",505791711,42.396783,-94.62207,"IA218",42.396783,-94.62207,0,"calhoun",19025,9814,569.847,9
"P17933","Community Pharmacy of Gowrie","1800 Main St","Gowrie","IA",505437438,42.282342,-94.298786,"IA219",42.282342,-94.298786,0,"webster",19187,36945,715.709,5
"P17344","Widner Drug","111 S FRANKLIN STREET","MANCHESTER","IA",52057,42.483477,-91.458021,"IA22",42.4835926666667,-91.4637553333333,470.935842939439,"delaware",19055,17326,577.682,6
"P17934","Community Pharmacy of Lake View","1160 3rd St","Lake View","IA",514507612,42.309493,-95.041805,"IA220",42.309493,-95.041805,0,"sac",19161,9936,575.022,9
"P17936","RENUE RX #9","106 W Ramsey St","Bancroft","IA",505178078,43.292818,-94.219218,"IA221",43.292818,-94.219218,0,"kossuth",19109,15166,972.731,7
"P17937","VILLAGER TELEPHARMACY","105 South Broadway Avenue","West Bend","IA",50597,42.959398,-94.445287,"IA222",42.959398,-94.445287,0,"palo alto",19147,9110,563.864,7
"P17939","Monroe Community Pharmacy","112 E Washington St","Monroe","IA",501707830,41.52253,-93.102348,"IA223",41.52253,-93.102348,0,"jasper",19099,36789,730.411,6
"P17941","Hartig Drug Co #33","61 W Gillet St","PRESTON","IA",520697709,42.050444,-90.394515,"IA224",42.050444,-90.394515,0,"jackson",19097,19409,636.044,6
"P17942","LaGrange Pharmacy Urbana","1002 W Main St","Urbana","IA",523459099,42.226812,-91.883812,"IA225",42.226812,-91.883812,0,"benton",19011,25646,716.102,2
"P17674","WALGREENS #5942","1204 1ST AVE E","NEWTON","IA",502084001,41.699257,-93.037714,"IA23",41.6992845,-93.042734,417.255180423833,"jasper",19099,36789,730.411,6
"P17351","NuCara Pharmacy #7","110 CENTER ST","CONRAD","IA",50621,42.224654,-92.873087,"IA24",42.224654,-92.873087,0,"grundy",19075,12354,501.855,3
"P17352","OSTERHAUS PHARMACY","918 W Platt Ste 2","MAQUOKETA","IA",52060,42.069192,-90.675702,"IA25",42.059022,-90.669336,1248.3915609976,"jackson",19097,19409,636.044,6
"P17664","WALGREENS #5941","1251 4TH STREET SW","MASON CITY","IA",504012710,43.148265,-93.220309,"IA26",43.1491225454545,-93.2215029090909,136.070439637537,"cerro gordo",19033,43134,568.303,5
"P17800","WALGREENS #11759","2639 Avenue L","Fort Madison","IA",526273840,40.627148,-91.343808,"IA27",40.626324,-91.3426883333333,131.767681874206,"lee",19111,34785,517.55,5
"P17358","Hy-Vee Pharmacy (1170)","1221 CENTRAL AVENUE","ESTHERVILLE","IA",51334,43.402137,-94.828484,"IA28",43.4018975,-94.8224755,486.693642321573,"emmet",19063,9661,395.89,7
"P17359","MANLY DRUG STORE","621 G AVE","GRUNDY CENTER","IA",506381597,42.361658,-92.772252,"IA29",42.361658,-92.772252,0,"grundy",19075,12354,501.855,3
"P17317","BENNETT PHARMACY","1 W MAIN ST","NEW HAMPTON","IA",506592101,43.059464,-92.314112,"IA3",43.059464,-92.314112,0,"chickasaw",19037,12140,504.324,6
"P17361","Greenwood Drug on Kimball Ave.","2104 KIMBALL AVE","WATERLOO","IA",507025037,42.470914,-92.357655,"IA30",42.4849401111111,-92.3592614444444,1566.94026588702,"black hawk",19013,132960,565.766,3
"P17364","Oelwein Family Pharmacy","32 S Frederick Ave","OELWEIN","IA",506622384,42.677368,-91.913553,"IA31",42.6741235,-91.9122855,375.778035892415,"fayette",19065,20139,730.83,6
"P17365","TAMMYS PHARMACY INC","930 HWY 18 W","GARNER","IA",50438,43.105069,-93.591416,"IA32",43.105069,-93.591416,0,"hancock",19081,10971,571.004,7
"P17367","Mills pharmacy","120 E MAIN ST","ANTHON","IA",51004,42.388115,-95.86787,"IA33",42.388115,-95.86787,0,"woodbury",19193,102397,872.894,3
"P17368","THORSON DRUG","233 REED ST","AKRON","IA",51001,42.82889,-96.559213,"IA34",42.82889,-96.559213,0,"union",46127,14929,460.756,3
"P17374","NuCara Pharmacy #12","500 2ND ST","TRAER","IA",506750059,42.193226,-92.465455,"IA35",42.193226,-92.465455,0,"tama",19171,17236,721.01,6
"P17387","NuCara Pharmacy #16","107 W MAIN Suite A","OTTUMWA","IA",525012990,41.018884,-92.413799,"IA36",41.0214938571429,-92.4204897142857,632.600857878715,"wapello",19179,35321,431.837,5
"P17376","REDINGER PHARMACY","219 W MAIN ST","LAKE MILLS","IA",504501405,43.41928,-93.534598,"IA37",43.41928,-93.534598,0,"winnebago",19189,10545,400.489,7
"P17378","WOODLAWN PHARMACY","101 N WOODLAWN AVE","LAKE CITY","IA",514491723,42.267791,-94.731469,"IA38",42.2674575,-94.739266,643.370779260106,"calhoun",19025,9814,569.847,9
"P17379","LEHAN PHARMACY","317 MAIN ST","MINDEN","IA",51553,41.467271,-95.541592,"IA39",41.467271,-95.541592,0,"pottawattamie",19155,93287,950.511,2
"P17318","HUGHES HEALTH MART PHARMACY","2216 MAIN ST","EMMETSBURG","IA",505362447,43.111888,-94.680041,"IA4",43.1116195,-94.6871005,574.473204276718,"palo alto",19147,9110,563.864,7
"P17381","BLOEMKE PHARMACY","443 EAST MAIN ST","BELMOND","IA",504211223,42.846006,-93.611822,"IA41",42.846006,-93.611822,0,"wright",19197,12864,580.417,7
"P17883","HomeTown Pharmacy","512 8TH ST SE","ORANGE CITY","IA",51041,42.997289,-96.052166,"IA42",42.9996196666667,-96.051441,266.078422138798,"sioux",19167,34692,767.915,7
"P17385","TAYLOR PHARMACY","122 124 NORTH 16TH STREET","CLARINDA","IA",516321601,40.739163,-95.037991,"IA44",40.7331685,-95.036983,672.699517694562,"page",19145,15393,534.943,6
"P17386","HARTIG DRUG CO","21 W MAIN ST","WAUKON","IA",521721637,43.269406,-91.476205,"IA45",43.269406,-91.476205,0,"allamakee",19005,13940,639.043,6
"P17388","McGregor Pharmacy","230 MAIN ST","MCGREGOR","IA",52157,43.024272,-91.176106,"IA46",43.024272,-91.176106,0,"clayton",19043,17711,778.495,8
"P17466","MEDICAP PHARMACY","601 1ST ST","PERRY","IA",50220,41.833257,-94.106544,"IA47",41.8311945,-94.1054915,245.633093627506,"dallas",19049,80864,588.32,2
"P17784","WALGREENS #11193","310 STORY ST","BOONE","IA",500363530,42.058895,-93.879878,"IA48",42.0590798333333,-93.878758,94.8269000202141,"boone",19015,26381,571.558,6
"P17502","MEDICAP PHARMACY","904 N 1ST ST","WINTERSET","IA",50273,41.342498,-94.013604,"IA49",41.3400533333333,-94.013867,273.025309536297,"madison",19121,15720,561.006,2
"P17781","WALGREENS #10770","105 E 6TH ST","CARROLL","IA",514012418,42.066254,-94.866522,"IA50",42.0663855,-94.867853,110.963949265469,"carroll",19027,20428,569.437,7
"P17395","VER HELST DRUG CENTER","98 N 10TH ST","NORTHWOOD","IA",504591438,43.445177,-93.218497,"IA51",43.445177,-93.218497,0,"worth",19195,7502,400.123,9
"P17843","Thrifty White Pharmacy #76","702 MONTGOMERY","DECORAH","IA",52101,43.297912,-91.773452,"IA52",43.297387,-91.7713746666667,178.160625601556,"winneshiek",19191,20575,689.836,7
"P17402","DUNLAP FAMILY PHARMACY","612 IOWA AVE","DUNLAP","IA",51529,41.854225,-95.601331,"IA53",41.854225,-95.601331,0,"harrison",19085,14196,696.843,2
"P17403","MILLER PHARMACY","635 HWY 9 E","FOREST CITY","IA",504360169,43.270392,-93.628919,"IA54",43.2681845,-93.6307305,286.263997551909,"winnebago",19189,10545,400.489,7
"P17404","DOWD DRUG","307 STATE ST","GUTHRIE CENTER","IA",501150099,41.677328,-94.504133,"IA55",41.677328,-94.504133,0,"guthrie",19077,10664,590.619,2
"P17405","STONER DRUG","1105 MAIN ST","HAMBURG","IA",51640,40.604555,-95.657761,"IA56",40.604555,-95.657761,0,"atchison",29005,5335,547.285,9
"P17476","KWIK RX PHARMACY","2308 12TH ST","HARLAN","IA",51537,41.646103,-95.325479,"IA57",41.64916075,-95.32841575,418.97486960675,"shelby",19165,11772,590.779,6
"P17407","BOOTH PHARMACY INC","903 CENTRAL AVE","HAWARDEN","IA",51023,42.995688,-96.485665,"IA58",42.995688,-96.485665,0,"sioux",19167,34692,767.915,7
"P17733","Hy-Vee Pharmacy (1295)","632 S OAK RIVER HILLS","IOWA FALLS","IA",50126,42.506378,-93.262229,"IA59",42.5083925,-93.26248825,225.260038251124,"hardin",19083,17239,569.31,6
"P17744","CENTER PHARMACY","312 9TH ST SW SUITE 1000","WAVERLY","IA",50677,42.723652,-92.481808,"IA6",42.7187956,-92.4781342,618.492285402022,"bremer",19017,24741,435.479,3
"P17409","NuCara Pharmacy #30","107 N MAIN ST","LENOX","IA",508511237,40.881615,-94.559173,"IA60",40.881615,-94.559173,0,"taylor",19173,6214,531.901,9
"P17410","Eby Drug Store Logan","103 N 4TH AVE","LOGAN","IA",51546,41.643244,-95.786499,"IA61",41.643244,-95.786499,0,"harrison",19085,14196,696.843,2
"P17712","WESTERN IOWA COMPOUNDING SOLUTIONS","409 MAIN ST STE A","MAPLETON","IA",51034,42.166047,-95.791893,"IA62",42.1660235,-95.792268,31.0517547554664,"monona",19133,8865,694.073,6
"P17412","STANGEL PHARMACY","821 IOWA AVE","ONAWA","IA",510401629,42.026576,-96.095702,"IA63",42.026576,-96.095702,0,"monona",19133,8865,694.073,6
"P17413","MercyOne Sheffield Pharmacy","115 GILMAN","SHEFFIELD","IA",50475,42.893161,-93.213662,"IA64",42.893161,-93.213662,0,"franklin",19069,10326,581.972,7
"P17414","PENN DRUG CO","714 ILLINOIS ST","SIDNEY","IA",516520575,40.74727,-95.647379,"IA65",40.74727,-95.647379,0,"fremont",19071,6985,511.166,8
"P17415","HONEYMAN DRUG","408 S 3RD AVE","VILLISCA","IA",50864,40.928307,-94.977353,"IA66",40.928307,-94.977353,0,"montgomery",19137,10239,424.096,6
"P17416","FOOD LAND PHARMACY","423 WALKER ST","WOODBINE","IA",515791295,41.736818,-95.702114,"IA67",41.736818,-95.702114,0,"harrison",19085,14196,696.843,2
"P17586","Hy-Vee Drugstore (7007)","500 MAIN STREET SUITE A","AMES","IA",50010,42.024628,-93.617733,"IA68",42.0251300833333,-93.6261844166667,701.11407885442,"story",19169,95888,572.543,3
"P17516","WALMART PHARMACY 10-1152","255 16TH ST SW","SIOUX CENTER","IA",512502959,43.059863,-96.171838,"IA69",43.0641906666667,-96.174459,526.809430318498,"sioux",19167,34692,767.915,7
"P17606","Hy-Vee Pharmacy (1075)","901 SOUTH 4TH STREET","CLINTON","IA",52733,41.854193,-90.191062,"IA7",41.8510712857143,-90.195272,492.565937670619,"clinton",19045,47587,694.914,4
"P17675","MEDICAP PHARMACY","600 SENATE AVE","RED OAK","IA",51566,41.026344,-95.225629,"IA70",41.023636,-95.226047,303.490272222435,"montgomery",19137,10239,424.096,6
"P17422","Siech's Parkersburg Pharmacy","226 3RD ST","PARKERSBURG","IA",50665,42.577717,-92.787114,"IA71",42.577717,-92.787114,0,"butler",19023,14822,580.139,8
"P17424","MercyOne Jesup Pharmacy","1094 220TH ST","JESUP","IA",506489400,42.468126,-92.062104,"IA72",42.468126,-92.062104,0,"buchanan",19019,21101,571.079,6
"P17425","MONTROSS PHARMACY","134 MAIN ST","ST CHARLES","IA",502401522,41.307661,-93.740878,"IA73",41.307661,-93.740878,0,"warren",19181,48630,569.838,2
"P17427","One to One Pharmacy","214 5TH ST","KALONA","IA",52247,41.483723,-91.705928,"IA74",41.483723,-91.705928,0,"washington",19183,22095,568.811,3
"P17428","VALLEY DRUG STORE","318 E ERIE ST","MISSOURI VALLEY","IA",515551692,41.556361,-95.890804,"IA75",41.556361,-95.890804,0,"harrison",19085,14196,696.843,2
"P17430","REX PHARMACY","1607 E 7 St","ATLANTIC","IA",50022,41.40377,-94.989776,"IA76",41.4034056666667,-94.9887513333333,94.6831485109559,"cass",19029,13327,564.259,6
"P17431","NuCara Pharmacy #10","621 BROAD ST","STORY CITY","IA",50248,42.187419,-93.594803,"IA77",42.187419,-93.594803,0,"story",19169,95888,572.543,3
"P17433","MONTROSS PHARMACY INC","115 N CHESTNUT AVE","EARLHAM","IA",50072,41.49165,-94.12324,"IA78",41.49165,-94.12324,0,"madison",19121,15720,561.006,2
"P17434","FAMILY PHARMACY","21 S Main St","DAYTON","IA",50530,42.261364,-94.06856,"IA79",42.261364,-94.06856,0,"webster",19187,36945,715.709,5
"P17841","All Care Health Center","902 S 6th St","Council Bluffs","IA",515016441,41.253353,-95.853182,"IA8",41.2524630625,-95.8510509375,204.017424601634,"pottawattamie",19155,93287,950.511,2
"P17438","FAY PHARMACY","400 AUDUBON ST","ADAIR","IA",500020608,41.500371,-94.642734,"IA80",41.500371,-94.642734,0,"adair",19001,7192,569.27,8
"P17439","DENVER DRUG","340 S STATE ST","DENVER","IA",50622,42.67076,-92.337365,"IA81",42.67076,-92.337365,0,"bremer",19017,24741,435.479,3
"P17440","OWL PHARMACY","213 N 13TH ST","CENTERVILLE","IA",52544,40.734024,-92.873404,"IA82",40.7272523333333,-92.869664,817.176763262112,"appanoose",19007,12547,497.291,7
"P17443","FAMILY PHARMACY","633 MAIN ST","JEWELL","IA",501300070,42.307924,-93.640129,"IA83",42.307924,-93.640129,0,"hamilton",19079,15201,576.753,6
"P17446","Bedford Drug","419 MAIN ST","BEDFORD","IA",50833,40.667155,-94.719162,"IA84",40.667155,-94.719162,0,"taylor",19173,6214,531.901,9
"P17447","BELLEVUE PHARMACY","115 STATE ST","BELLEVUE","IA",520311307,42.258628,-90.424103,"IA85",42.258628,-90.424103,0,"jackson",19097,19409,636.044,6
"P17448","FAMILY PHARMACY","803 SHAKESPEARE ST","STRATFORD","IA",50249,42.270363,-93.927291,"IA86",42.270363,-93.927291,0,"hamilton",19079,15201,576.753,6
"P17450","SCOTT PHARMACY","238 S Main St","FAYETTE","IA",52142,42.842506,-91.802309,"IA87",42.842506,-91.802309,0,"fayette",19065,20139,730.83,6
"P17572","Hy-Vee Pharmacy (1247)","611 TENTH AVENUE N","HUMBOLDT","IA",50548,42.731817,-94.216576,"IA88",42.731774,-94.222343,471.582728749855,"humboldt",19091,9586,434.372,7
"P17452","Medicap Pharmacy","400 N ELM ST","JEFFERSON","IA",50129,42.018352,-94.377546,"IA89",42.0178765,-94.37618,124.758028006744,"greene",19073,9046,569.617,6
"P17456","CARRUTHERS PHARMACY","526 MAIN STREET","MEDIAPOLIS","IA",52637,41.007709,-91.164326,"IA90",41.007709,-91.164326,0,"des moines",19057,39876,416.13,5
"P17457","Mt. Vernon Pharmacy","113 1st St NE","MOUNT VERNON","IA",52314,41.922128,-91.416189,"IA91",41.922128,-91.416189,0,"linn",19113,220008,717.078,2
"P17459","MEDICAP PHARMACY","108 2ND AVE W","TOLEDO","IA",52342,41.984961,-92.578528,"IA92",41.984407,-92.5800245,138.337205081776,"tama",19171,17236,721.01,6
"P17840","Thrifty White Pharmacy #74","210 N MAIN ST","CLARION","IA",505251494,42.733,-93.732941,"IA93",42.726773,-93.7338,696.736184764809,"wright",19197,12864,580.417,7
"P17461","HARTIG DRUG CO","200 1ST ST E","INDEPENDENCE","IA",50644,42.468822,-91.892975,"IA94",42.4628283333333,-91.8873686666667,810.631381404257,"buchanan",19019,21101,571.079,6
"P17882","MercyOne Clear Lake Pharmacy","1410 6th Ave S Ste 200","Clear Lake","IA",504282606,43.132512,-93.371412,"IA95",43.137577,-93.3722776666667,568.201650404953,"cerro gordo",19033,43134,568.303,5
"P17468","Coon Rapids Pharmacy","515 MAIN ST","COON RAPIDS","IA",500581611,41.870953,-94.678345,"IA96",41.870953,-94.678345,0,"carroll",19027,20428,569.437,7
"P17469","MercyOne LaPorte City Pharmacy","601 HWY 218 N","LA PORTE CITY","IA",506511012,42.320066,-92.197615,"IA97",42.320066,-92.197615,0,"black hawk",19013,132960,565.766,3
"P17470","THRIFTY WHITE PHARMACY #042","715 S GRAND AVE","SPENCER","IA",51301,43.131209,-95.144114,"IA98",43.13735525,-95.1471035,726.019513735904,"clay",19041,16387,567.237,7
"P17506","WALGREENS #5044","3245 AGENCY ST","BURLINGTON","IA",526011993,40.814357,-91.140705,"IA99",40.8103467142857,-91.1438141428571,517.6031922726,"des moines",19057,39876,416.13,5
